codgeo;nom;DEP;chomage;entrep;salary;DEP;;;;;;;;;;;;;
75001,0;Paris 1er Arrondissement;75;6,7;12300;25,3;75;;;;;;;;;;;;;
75002,0;Paris 2e  Arrondissement;75;6,7;12300;24,1;75;;;;;;;;;;;;;
75003,0;Paris 3e  Arrondissement;75;6,7;12300;25,4;75;;;;;;;;;;;;;
75004,0;Paris 4e  Arrondissement;75;6,7;12300;24,5;75;;;;;;;;;;;;;
75005,0;Paris 5e  Arrondissement;75;6,7;12300;26,2;75;;;;;;;;;;;;;
75006,0;Paris 6e  Arrondissement;75;6,7;12300;33,0;75;;;;;;;;;;;;;
75007,0;Paris 7e  Arrondissement;75;6,7;12300;39,0;75;;;;;;;;;;;;;
75008,0;Paris 8e  Arrondissement;75;6,7;12300;32,5;75;;;;;;;;;;;;;
75009,0;Paris 9e  Arrondissement;75;6,7;12300;25,6;75;;;;;;;;;;;;;
75010,0;Paris 10e  Arrondissement;75;6,7;12300;19,7;75;;;;;;;;;;;;;
75011,0;Paris 11e  Arrondissement;75;6,7;12300;19,8;75;;;;;;;;;;;;;
75012,0;Paris 12e  Arrondissement;75;6,7;12300;19,9;75;;;;;;;;;;;;;
75013,0;Paris 13e  Arrondissement;75;6,7;12300;17,9;75;;;;;;;;;;;;;
75014,0;Paris 14e  Arrondissement;75;6,7;12300;21,0;75;;;;;;;;;;;;;
75015,0;Paris 15e  Arrondissement;75;6,7;12300;23,1;75;;;;;;;;;;;;;
75016,0;Paris 16e  Arrondissement;75;6,7;12300;36,3;75;;;;;;;;;;;;;
75017,0;Paris 17e  Arrondissement;75;6,7;12300;25,8;75;;;;;;;;;;;;;
75018,0;Paris 18e  Arrondissement;75;6,7;12300;18,0;75;;;;;;;;;;;;;
75019,0;Paris 19e  Arrondissement;75;6,7;12300;16,1;75;;;;;;;;;;;;;
75020,0;Paris 20e  Arrondissement;75;6,7;12300;16,7;75;;;;;;;;;;;;;
77005;Annet-sur-Marne;17,8;7,1;253;17,8;77;;;;;;;;;;;;;
77014;Avon;77;7,1;589;16,1;77;;;;;;;;;;;;;
77018;Bailly-Romainvilliers;15,8;7,1;261;15,8;77;;;;;;;;;;;;;
77037;Bois-le-Roi;22,0;7,1;314;22,0;77;;;;;;;;;;;;;
77040;Boissise-le-Roi;18,1;7,1;212;18,1;77;;;;;;;;;;;;;
77042;Boissy-le-Châtel;14,4;7,1;233;14,4;77;;;;;;;;;;;;;
77048;Bourron-Marlotte;21,4;7,1;267;21,4;77;;;;;;;;;;;;;
77051;Bray-sur-Seine;12,4;7,1;236;12,4;77;;;;;;;;;;;;;
77053;Brie-Comte-Robert;77;7,1;863;15,2;77;;;;;;;;;;;;;
77055;Brou-sur-Chantereine;14,5;7,1;249;14,5;77;;;;;;;;;;;;;
77058;Bussy-Saint-Georges;77;7,1;613;17,4;77;;;;;;;;;;;;;
77061;Cannes-Écluse;13,6;7,1;184;13,6;77;;;;;;;;;;;;;
77067;Cesson;77;7,1;345;16,9;77;;;;;;;;;;;;;
77069;Chailly-en-Bière;17,2;7,1;215;17,2;77;;;;;;;;;;;;;
77079;Champagne-sur-Seine;77;7,1;321;13,2;77;;;;;;;;;;;;;
77083;Champs-sur-Marne;77;7,1;905;15,4;77;;;;;;;;;;;;;
77085;Chanteloup-en-Brie;16,6;7,1;193;16,6;77;;;;;;;;;;;;;
77088;La Chapelle-la-Reine;15,1;7,1;225;15,1;77;;;;;;;;;;;;;
77096;Chartrettes;20,1;7,1;236;20,1;77;;;;;;;;;;;;;
77099;Château-Landon;13,7;7,1;257;13,7;77;;;;;;;;;;;;;
77100;Le Châtelet-en-Brie;15,5;7,1;278;15,5;77;;;;;;;;;;;;;
77107;Chaumes-en-Brie;15,5;7,1;229;15,5;77;;;;;;;;;;;;;
77108;Chelles;77;7,1;1960;15,1;77;;;;;;;;;;;;;
77111;Chessy;16,4;7,1;261;16,4;77;;;;;;;;;;;;;
77114;Chevry-Cossigny;16,9;7,1;285;16,9;77;;;;;;;;;;;;;
77118;Claye-Souilly;16,3;7,1;654;16,3;77;;;;;;;;;;;;;
77121;Collégien;16,4;7,1;372;16,4;77;;;;;;;;;;;;;
77122;Combs-la-Ville;77;7,1;680;15,4;77;;;;;;;;;;;;;
77128;Couilly-Pont-aux-Dames;17,7;7,1;231;17,7;77;;;;;;;;;;;;;
77131;Coulommiers;77;7,1;741;12,7;77;;;;;;;;;;;;;
77132;Coupvray;18,0;7,1;203;18,0;77;;;;;;;;;;;;;
77139;Courtry;16,7;7,1;403;16,7;77;;;;;;;;;;;;;
77142;Crécy-la-Chapelle;16,3;7,1;388;16,3;77;;;;;;;;;;;;;
77143;Crégy-lès-Meaux;14,6;7,1;192;14,6;77;;;;;;;;;;;;;
77152;Dammarie-les-Lys;77;7,1;760;13,6;77;;;;;;;;;;;;;
77153;Dammartin-en-Go√´le;77;7,1;423;16,3;77;;;;;;;;;;;;;
77155;Dampmart;16,2;7,1;235;16,2;77;;;;;;;;;;;;;
77159;Donnemarie-Dontilly;13,7;7,1;218;13,7;77;;;;;;;;;;;;;
77168;Égreville;14,1;7,1;234;14,1;77;;;;;;;;;;;;;
77169;Émerainville;15,9;7,1;445;15,9;77;;;;;;;;;;;;;
77171;Esbly;16,2;7,1;293;16,2;77;;;;;;;;;;;;;
77175;Évry-Grégy-sur-Yerre;17,6;7,1;202;17,6;77;;;;;;;;;;;;;
77176;Faremoutiers;14,7;7,1;239;14,7;77;;;;;;;;;;;;;
77181;Ferrières-en-Brie;16,3;7,1;216;16,3;77;;;;;;;;;;;;;
77182;La Ferté-Gaucher;11,8;7,1;318;11,8;77;;;;;;;;;;;;;
77183;La Fert√©-sous-Jouarre;77;7,1;472;13,5;77;;;;;;;;;;;;;
77186;Fontainebleau;77;7,1;1167;20,2;77;;;;;;;;;;;;;
77192;Fontenay-Trésigny;14,3;7,1;355;14,3;77;;;;;;;;;;;;;
77210;La Grande-Paroisse;15,0;7,1;212;15,0;77;;;;;;;;;;;;;
77215;Gretz-Armainvilliers;14,3;7,1;473;14,3;77;;;;;;;;;;;;;
77217;Grisy-Suisnes;18,0;7,1;233;18,0;77;;;;;;;;;;;;;
77219;Guérard;16,1;7,1;214;16,1;77;;;;;;;;;;;;;
77222;Guignes;14,2;7,1;230;14,2;77;;;;;;;;;;;;;
77226;Héricy;19,2;7,1;221;19,2;77;;;;;;;;;;;;;
77238;Jouarre;14,0;7,1;256;14,0;77;;;;;;;;;;;;;
77243;Lagny-sur-Marne;77;7,1;1063;16,3;77;;;;;;;;;;;;;
77249;Lésigny;20,9;7,1;347;20,9;77;;;;;;;;;;;;;
77251;Lieusaint;14,4;7,1;455;14,4;77;;;;;;;;;;;;;
77255;Livry-sur-Seine;17,3;7,1;180;17,3;77;;;;;;;;;;;;;
77257;Lizy-sur-Ourcq;12,7;7,1;298;12,7;77;;;;;;;;;;;;;
77258;Lognes;77;7,1;659;14,1;77;;;;;;;;;;;;;
77259;Longperrier;77;7,1;186;14,9;77;;;;;;;;;;;;;
77268;Magny-le-Hongre;17,8;7,1;229;17,8;77;;;;;;;;;;;;;
77276;Mareuil-lès-Meaux;15,9;7,1;321;15,9;77;;;;;;;;;;;;;
77284;Meaux;77;7,1;2094;13;77;;;;;;;;;;;;;
77285;Le M√©e-sur-Seine;77;7,1;501;12,9;77;;;;;;;;;;;;;
77288;Melun;77;7,1;1872;13,2;77;;;;;;;;;;;;;
77294;Mitry-Mory;77;7,1;949;14,5;77;;;;;;;;;;;;;
77296;Moissy-Cramayel;77;7,1;586;14,2;77;;;;;;;;;;;;;
77305;Montereau-Fault-Yonne;77;7,1;983;12,1;77;;;;;;;;;;;;;
77307;Montévrain;15,6;7,1;276;15,6;77;;;;;;;;;;;;;
77312;Montigny-sur-Loing;18,4;7,1;240;18,4;77;;;;;;;;;;;;;
77315;Montry;16,4;7,1;252;16,4;77;;;;;;;;;;;;;
77316;Moret-Loing-et-Orvanne;16,9;7,1;343;16,9;77;;;;;;;;;;;;;
77317;Mormant;13,8;7,1;261;13,8;77;;;;;;;;;;;;;
77320;Mouroux;14,7;7,1;276;14,7;77;;;;;;;;;;;;;
77322;Moussy-le-Neuf;16,1;7,1;233;16,1;77;;;;;;;;;;;;;
77326;Nandy;14,6;7,1;219;14,6;77;;;;;;;;;;;;;
77327;Nangis;77;7,1;398;13,1;77;;;;;;;;;;;;;
77330;Nanteuil-lès-Meaux;15,1;7,1;326;15,1;77;;;;;;;;;;;;;
77333;Nemours;77;7,1;648;12,8;77;;;;;;;;;;;;;
77335;Chauconin-Neufmontiers;16,5;7,1;179;16,5;77;;;;;;;;;;;;;
77337;Noisiel;77;7,1;578;13,8;77;;;;;;;;;;;;;
77344;Oissery;15,2;7,1;164;15,2;77;;;;;;;;;;;;;
77349;Othis;15,7;7,1;243;15,7;77;;;;;;;;;;;;;
77350;Ozoir-la-Ferri√®re;77;7,1;966;17;77;;;;;;;;;;;;;
77359;Perthes;18,6;7,1;201;18,6;77;;;;;;;;;;;;;
77371;Pommeuse;15,1;7,1;228;15,1;77;;;;;;;;;;;;;
77372;Pomponne;17,2;7,1;216;17,2;77;;;;;;;;;;;;;
77373;Pontault-Combault;77;7,1;1753;15;77;;;;;;;;;;;;;
77374;Pontcarré;16,8;7,1;212;16,8;77;;;;;;;;;;;;;
77377;Presles-en-Brie;16,1;7,1;218;16,1;77;;;;;;;;;;;;;
77378;Pringy;15,5;7,1;255;15,5;77;;;;;;;;;;;;;
77379;Provins;77;7,1;658;13,1;77;;;;;;;;;;;;;
77382;Quincy-Voisins;15,7;7,1;329;15,7;77;;;;;;;;;;;;;
77385;Rebais;12,8;7,1;251;12,8;77;;;;;;;;;;;;;
77389;La Rochette;77;7,1;256;17,4;77;;;;;;;;;;;;;
77390;Roissy-en-Brie;77;7,1;689;14,5;77;;;;;;;;;;;;;
77393;Rozay-en-Brie;77;7,1;256;15,2;77;;;;;;;;;;;;;
77394;Rubelles;17,8;7,1;191;17,8;77;;;;;;;;;;;;;
77407;Saint-Fargeau-Ponthierry;16,0;7,1;499;16,0;77;;;;;;;;;;;;;
77409;Saint-Germain-Laval;13,9;7,1;169;13,9;77;;;;;;;;;;;;;
77413;Saint-Germain-sur-Morin;17,1;7,1;255;17,1;77;;;;;;;;;;;;;
77419;Saint-Mammès;14,9;7,1;244;14,9;77;;;;;;;;;;;;;
77420;Saint-Mard;15,6;7,1;233;15,6;77;;;;;;;;;;;;;
77430;Saint-Pathus;16,1;7,1;239;16,1;77;;;;;;;;;;;;;
77431;Saint-Pierre-lès-Nemours;14,9;7,1;315;14,9;77;;;;;;;;;;;;;
77433;Beautheil-Saints;15,4;7,1;175;15,4;77;;;;;;;;;;;;;
77437;Saint-Soupplets;15,0;7,1;325;15,0;77;;;;;;;;;;;;;
77438;Saint-Thibault-des-Vignes;16,7;7,1;480;16,7;77;;;;;;;;;;;;;
77441;Samois-sur-Seine;23,2;7,1;219;23,2;77;;;;;;;;;;;;;
77442;Samoreau;18,1;7,1;214;18,1;77;;;;;;;;;;;;;
77445;Savigny-le-Temple;77;7,1;673;14;77;;;;;;;;;;;;;
77449;Serris;77;7,1;435;15,3;77;;;;;;;;;;;;;
77450;Servon;19,2;7,1;287;19,2;77;;;;;;;;;;;;;
77458;Souppes-sur-Loing;13,5;7,1;296;13,5;77;;;;;;;;;;;;;
77463;Thomery;19,2;7,1;246;19,2;77;;;;;;;;;;;;;
77464;Thorigny-sur-Marne;15,8;7,1;411;15,8;77;;;;;;;;;;;;;
77468;Torcy;77;7,1;869;13,9;77;;;;;;;;;;;;;
77470;Tournan-en-Brie;77;7,1;465;15,4;77;;;;;;;;;;;;;
77475;Trilport;15,2;7,1;297;15,2;77;;;;;;;;;;;;;
77479;Vaires-sur-Marne;16,8;7,1;422;16,8;77;;;;;;;;;;;;;
77482;Varennes-sur-Seine;13,1;7,1;205;13,1;77;;;;;;;;;;;;;
77487;Vaux-le-P√©nil;77;7,1;579;16,7;77;;;;;;;;;;;;;
77493;Verneuil-l'Étang;14,3;7,1;226;14,3;77;;;;;;;;;;;;;
77494;Vernou-la-Celle-sur-Seine;15,0;7,1;218;15,0;77;;;;;;;;;;;;;
77495;Vert-Saint-Denis;15,6;7,1;349;15,6;77;;;;;;;;;;;;;
77513;Villenoy;14,4;7,1;240;14,4;77;;;;;;;;;;;;;
77514;Villeparisis;14,3;7,1;868;14,3;77;;;;;;;;;;;;;
77517;Villevaudé;16,8;7,1;228;16,8;77;;;;;;;;;;;;;
77533;Vulaines-sur-Seine;20,5;7,1;212;20,5;77;;;;;;;;;;;;;
78003;Ablis;15,9;6,6;278;15,9;78;;;;;;;;;;;;;
78005;Ach√®res;78;6,6;595;15,8;78;;;;;;;;;;;;;
78015;Andrésy;19,2;6,6;460;19,2;78;;;;;;;;;;;;;
78029;Aubergenville;78;6,6;450;14,5;78;;;;;;;;;;;;;
78043;Bailly;26,7;6,6;284;26,7;78;;;;;;;;;;;;;
78062;Beynes;18,5;6,6;369;18,5;78;;;;;;;;;;;;;
78073;Bois-d'Arcy;17,4;6,6;501;17,4;78;;;;;;;;;;;;;
78089;Bonnières-sur-Seine;13,7;6,6;336;13,7;78;;;;;;;;;;;;;
78090;Bouafle;17,9;6,6;258;17,9;78;;;;;;;;;;;;;
78092;Bougival;24,6;6,6;522;24,6;78;;;;;;;;;;;;;
78117;Buc;78;6,6;486;23,4;78;;;;;;;;;;;;;
78118;Buchelay;15,3;6,6;315;15,3;78;;;;;;;;;;;;;
78123;Carrières-sous-Poissy;15,5;6,6;466;15,5;78;;;;;;;;;;;;;
78124;Carri√®res-sur-Seine;78;6,6;624;22;78;;;;;;;;;;;;;
78126;La Celle-Saint-Cloud;78;6,6;767;25,2;78;;;;;;;;;;;;;
78133;Chambourcy;33,2;6,6;345;33,2;78;;;;;;;;;;;;;
78138;Chanteloup-les-Vignes;13,8;6,6;371;13,8;78;;;;;;;;;;;;;
78146;Chatou;24,6;6,6;1170;24,6;78;;;;;;;;;;;;;
78158;Le Chesnay-Rocquencourt;25,4;6,6;1342;25,4;78;;;;;;;;;;;;;
78160;Chevreuse;24,1;6,6;397;24,1;78;;;;;;;;;;;;;
78165;Les Clayes-sous-Bois;16,4;6,6;616;16,4;78;;;;;;;;;;;;;
78168;Coignières;13,9;6,6;912;13,9;78;;;;;;;;;;;;;
78172;Conflans-Sainte-Honorine;78;6,6;1385;17,4;78;;;;;;;;;;;;;
78190;Croissy-sur-Seine;33,6;6,6;467;33,6;78;;;;;;;;;;;;;
78206;Ecquevilly;17,2;6,6;272;17,2;78;;;;;;;;;;;;;
78208;Élancourt;16,6;6,6;787;16,6;78;;;;;;;;;;;;;
78217;Épône;16,4;6,6;376;16,4;78;;;;;;;;;;;;;
78220;Les Essarts-le-Roi;19,1;6,6;390;19,1;78;;;;;;;;;;;;;
78224;L'Étang-la-Ville;35,0;6,6;230;35,0;78;;;;;;;;;;;;;
78233;Feucherolles;39,4;6,6;266;39,4;78;;;;;;;;;;;;;
78238;Flins-sur-Seine;15,5;6,6;252;15,5;78;;;;;;;;;;;;;
78239;Follainville-Dennemont;15,6;6,6;168;15,6;78;;;;;;;;;;;;;
78242;Fontenay-le-Fleury;17,3;6,6;449;17,3;78;;;;;;;;;;;;;
78255;Freneuse;14,3;6,6;259;14,3;78;;;;;;;;;;;;;
78263;Gambais;22,6;6,6;273;22,6;78;;;;;;;;;;;;;
78265;Garancières;19,5;6,6;255;19,5;78;;;;;;;;;;;;;
78267;Gargenville;15,4;6,6;383;15,4;78;;;;;;;;;;;;;
78291;Guerville;16,6;6,6;236;16,6;78;;;;;;;;;;;;;
78297;Guyancourt;78;6,6;845;17,9;78;;;;;;;;;;;;;
78299;Hardricourt;16,0;6,6;257;16,0;78;;;;;;;;;;;;;
78310;Houdan;14,7;6,6;414;14,7;78;;;;;;;;;;;;;
78311;Houilles;19,2;6,6;1270;19,2;78;;;;;;;;;;;;;
78314;Issou;14,9;6,6;217;14,9;78;;;;;;;;;;;;;
78321;Jouars-Pontchartrain;22,3;6,6;354;22,3;78;;;;;;;;;;;;;
78322;Jouy-en-Josas;27,7;6,6;479;27,7;78;;;;;;;;;;;;;
78327;Juziers;16,9;6,6;236;16,9;78;;;;;;;;;;;;;
78335;Limay;78;6,6;567;13,2;78;;;;;;;;;;;;;
78350;Louveciennes;30,3;6,6;415;30,3;78;;;;;;;;;;;;;
78354;Magnanville;78;6,6;317;15,7;78;;;;;;;;;;;;;
78356;Magny-les-Hameaux;19,5;6,6;396;19,5;78;;;;;;;;;;;;;
78358;Maisons-Laffitte;26,6;6,6;1077;26,6;78;;;;;;;;;;;;;
78361;Mantes-la-Jolie;78;6,6;1539;12,9;78;;;;;;;;;;;;;
78362;Mantes-la-Ville;13,8;6,6;689;13,8;78;;;;;;;;;;;;;
78372;Marly-le-Roi;78;6,6;692;22,3;78;;;;;;;;;;;;;
78380;Maule;21,0;6,6;410;21,0;78;;;;;;;;;;;;;
78382;Maurecourt;19,1;6,6;255;19,1;78;;;;;;;;;;;;;
78383;Maurepas;78;6,6;702;17;78;;;;;;;;;;;;;
78396;Le Mesnil-le-Roi;27,2;6,6;358;27,2;78;;;;;;;;;;;;;
78397;Le Mesnil-Saint-Denis;22,1;6,6;339;22,1;78;;;;;;;;;;;;;
78401;Meulan-en-Yvelines;14,3;6,6;437;14,3;78;;;;;;;;;;;;;
78402;Mézières-sur-Seine;17,2;6,6;251;17,2;78;;;;;;;;;;;;;
78403;Mézy-sur-Seine;18,4;6,6;186;18,4;78;;;;;;;;;;;;;
78418;Montesson;22,8;6,6;750;22,8;78;;;;;;;;;;;;;
78420;Montfort-l'Amaury;24,2;6,6;358;24,2;78;;;;;;;;;;;;;
78423;Montigny-le-Bretonneux;78;6,6;1444;19,7;78;;;;;;;;;;;;;
78431;Morainvilliers;28,6;6,6;252;28,6;78;;;;;;;;;;;;;
78440;Les Mureaux;78;6,6;1193;12,5;78;;;;;;;;;;;;;
78442;Neauphle-le-Château;21,2;6,6;280;21,2;78;;;;;;;;;;;;;
78455;Noisy-le-Roi;30,2;6,6;400;30,2;78;;;;;;;;;;;;;
78465;Orgerus;19,3;6,6;228;19,3;78;;;;;;;;;;;;;
78466;Orgeval;30,0;6,6;458;30,0;78;;;;;;;;;;;;;
78481;Le Pecq;22,9;6,6;664;22,9;78;;;;;;;;;;;;;
78486;Le Perray-en-Yvelines;18,0;6,6;395;18,0;78;;;;;;;;;;;;;
78490;Plaisir;78;6,6;1134;16,6;78;;;;;;;;;;;;;
78498;Poissy;78;6,6;1389;16,7;78;;;;;;;;;;;;;
78501;Porcheville;15,0;6,6;231;15,0;78;;;;;;;;;;;;;
78502;Le Port-Marly;19,5;6,6;339;19,5;78;;;;;;;;;;;;;
78513;La Queue-les-Yvelines;78;6,6;228;19,1;78;;;;;;;;;;;;;
78517;Rambouillet;78;6,6;1180;18,2;78;;;;;;;;;;;;;
78531;Rosny-sur-Seine;14,8;6,6;303;14,8;78;;;;;;;;;;;;;
78537;Saint-Arnoult-en-Yvelines;19,6;6,6;422;19,6;78;;;;;;;;;;;;;
78545;Saint-Cyr-l'√âcole;78;6,6;597;17,4;78;;;;;;;;;;;;;
78551;Saint-Germain-en-Laye;78;6,6;2347;29;78;;;;;;;;;;;;;
78571;Saint-Nom-la-Bretèche;41,7;6,6;361;41,7;78;;;;;;;;;;;;;
78575;Saint-Rémy-lès-Chevreuse;24,1;6,6;394;24,1;78;;;;;;;;;;;;;
78586;Sartrouville;78;6,6;1993;16,2;78;;;;;;;;;;;;;
78591;Septeuil;19,3;6,6;224;19,3;78;;;;;;;;;;;;;
78621;Trappes;78;6,6;1271;12,3;78;;;;;;;;;;;;;
78624;Triel-sur-Seine;19,9;6,6;509;19,9;78;;;;;;;;;;;;;
78638;Vaux-sur-Seine;19,7;6,6;274;19,7;78;;;;;;;;;;;;;
78640;Vélizy-Villacoublay;18,6;6,6;1264;18,6;78;;;;;;;;;;;;;
78642;Verneuil-sur-Seine;20,5;6,6;528;20,5;78;;;;;;;;;;;;;
78643;Vernouillet;21,1;6,6;433;21,1;78;;;;;;;;;;;;;
78644;La Verrière;13,6;6,6;263;13,6;78;;;;;;;;;;;;;
78646;Versailles;78;6,6;4829;25;78;;;;;;;;;;;;;
78650;Le V√©sinet;78;6,6;865;37,8;78;;;;;;;;;;;;;
78672;Villennes-sur-Seine;31,2;6,6;330;31,2;78;;;;;;;;;;;;;
78674;Villepreux;78;6,6;338;19,1;78;;;;;;;;;;;;;
78683;Villiers-Saint-Fr√©d√©ric;78;6,6;257;21,2;78;;;;;;;;;;;;;
78686;Viroflay;24,6;6,6;705;24,6;78;;;;;;;;;;;;;
78688;Voisins-le-Bretonneux;24,4;6,6;561;24,4;78;;;;;;;;;;;;;
91016;Angerville;13,3;6,8;321;13,3;91;;;;;;;;;;;;;
91021;Arpajon;91;6,8;654;14,8;91;;;;;;;;;;;;;
91027;Athis-Mons;91;6,8;1065;14,6;91;;;;;;;;;;;;;
91044;Ballainvilliers;18,7;6,8;295;18,7;91;;;;;;;;;;;;;
91045;Ballancourt-sur-Essonne;15,5;6,8;311;15,5;91;;;;;;;;;;;;;
91064;Bièvres;24,6;6,8;373;24,6;91;;;;;;;;;;;;;
91085;Boissy-sous-Saint-Yon;16,4;6,8;241;16,4;91;;;;;;;;;;;;;
91086;Bondoufle;91;6,8;580;17,1;91;;;;;;;;;;;;;
91095;Bouray-sur-Juine;17,5;6,8;200;17,5;91;;;;;;;;;;;;;
91097;Boussy-Saint-Antoine;15,9;6,8;272;15,9;91;;;;;;;;;;;;;
91099;Boutigny-sur-Essonne;17,0;6,8;234;17,0;91;;;;;;;;;;;;;
91103;Br√©tigny-sur-Orge;91;6,8;853;15,2;91;;;;;;;;;;;;;
91105;Breuillet;16,6;6,8;336;16,6;91;;;;;;;;;;;;;
91111;Briis-sous-Forges;19,5;6,8;238;19,5;91;;;;;;;;;;;;;
91114;Brunoy;91;6,8;931;17,6;91;;;;;;;;;;;;;
91115;Bruyères-le-Châtel;17,4;6,8;225;17,4;91;;;;;;;;;;;;;
91122;Bures-sur-Yvette;23,1;6,8;348;23,1;91;;;;;;;;;;;;;
91129;Cerny;16,5;6,8;251;16,5;91;;;;;;;;;;;;;
91135;Champcueil;17,0;6,8;214;17,0;91;;;;;;;;;;;;;
91136;Champlan;15,2;6,8;422;15,2;91;;;;;;;;;;;;;
91156;Cheptainville;17,4;6,8;192;17,4;91;;;;;;;;;;;;;
91161;Chilly-Mazarin;14,9;6,8;846;14,9;91;;;;;;;;;;;;;
91174;Corbeil-Essonnes;91;6,8;1772;12,7;91;;;;;;;;;;;;;
91179;Le Coudray-Montceaux;16,4;6,8;252;16,4;91;;;;;;;;;;;;;
91191;Crosne;16,3;6,8;453;16,3;91;;;;;;;;;;;;;
91200;Dourdan;91;6,8;571;15,3;91;;;;;;;;;;;;;
91201;Draveil;17,1;6,8;961;17,1;91;;;;;;;;;;;;;
91207;Égly;14,9;6,8;289;14,9;91;;;;;;;;;;;;;
91215;√âpinay-sous-S√©nart;91;6,8;441;12,7;91;;;;;;;;;;;;;
91216;Épinay-sur-Orge;17,9;6,8;442;17,9;91;;;;;;;;;;;;;
91223;√âtampes;91;6,8;968;13,2;91;;;;;;;;;;;;;
91225;Étiolles;22,6;6,8;208;22,6;91;;;;;;;;;;;;;
91226;Étréchy;16,0;6,8;334;16,0;91;;;;;;;;;;;;;
91228;√âvry;91;6,8;2293;13;91;;;;;;;;;;;;;
91232;La Ferté-Alais;15,9;6,8;289;15,9;91;;;;;;;;;;;;;
91235;Fleury-Mérogis;12,6;6,8;268;12,6;91;;;;;;;;;;;;;
91243;Fontenay-lès-Briis;18,8;6,8;183;18,8;91;;;;;;;;;;;;;
91249;Forges-les-Bains;19,7;6,8;250;19,7;91;;;;;;;;;;;;;
91272;Gif-sur-Yvette;91;6,8;718;25,6;91;;;;;;;;;;;;;
91275;Gometz-le-Châtel;19,3;6,8;208;19,3;91;;;;;;;;;;;;;
91286;Grigny;11,2;6,8;961;11,2;91;;;;;;;;;;;;;
91312;Igny;21,5;6,8;416;21,5;91;;;;;;;;;;;;;
91315;Itteville;17,6;6,8;293;17,6;91;;;;;;;;;;;;;
91326;Juvisy-sur-Orge;15,6;6,8;865;15,6;91;;;;;;;;;;;;;
91330;Lardy;17,6;6,8;279;17,6;91;;;;;;;;;;;;;
91333;Leuville-sur-Orge;17,3;6,8;251;17,3;91;;;;;;;;;;;;;
91338;Limours;91;6,8;363;19,8;91;;;;;;;;;;;;;
91339;Linas;16,7;6,8;414;16,7;91;;;;;;;;;;;;;
91340;Lisses;15,9;6,8;626;15,9;91;;;;;;;;;;;;;
91345;Longjumeau;91;6,8;831;15,6;91;;;;;;;;;;;;;
91347;Longpont-sur-Orge;19,1;6,8;331;19,1;91;;;;;;;;;;;;;
91359;Maisse;15,0;6,8;226;15,0;91;;;;;;;;;;;;;
91363;Marcoussis;19,3;6,8;476;19,3;91;;;;;;;;;;;;;
91376;Marolles-en-Hurepoix;17,4;6,8;250;17,4;91;;;;;;;;;;;;;
91377;Massy;91;6,8;1429;16,4;91;;;;;;;;;;;;;
91386;Mennecy;91;6,8;508;18,5;91;;;;;;;;;;;;;
91390;Le Mérévillois;14,7;6,8;244;14,7;91;;;;;;;;;;;;;
91405;Milly-la-Forêt;17,2;6,8;447;17,2;91;;;;;;;;;;;;;
91421;Montgeron;91;6,8;927;17;91;;;;;;;;;;;;;
91425;Montlhéry;17,1;6,8;505;17,1;91;;;;;;;;;;;;;
91432;Morangis;91;6,8;798;16,3;91;;;;;;;;;;;;;
91433;Morigny-Champigny;16,7;6,8;276;16,7;91;;;;;;;;;;;;;
91434;Morsang-sur-Orge;15,9;6,8;728;15,9;91;;;;;;;;;;;;;
91457;La Norville;18,0;6,8;219;18,0;91;;;;;;;;;;;;;
91458;Nozay;19,4;6,8;293;19,4;91;;;;;;;;;;;;;
91461;Ollainville;17,0;6,8;265;17,0;91;;;;;;;;;;;;;
91468;Ormoy;16,0;6,8;234;16,0;91;;;;;;;;;;;;;
91471;Orsay;91;6,8;822;22,7;91;;;;;;;;;;;;;
91477;Palaiseau;91;6,8;1143;18,5;91;;;;;;;;;;;;;
91479;Paray-Vieille-Poste;15,9;6,8;531;15,9;91;;;;;;;;;;;;;
91494;Le Plessis-Pâté;17,7;6,8;264;17,7;91;;;;;;;;;;;;;
91511;Pussay;13,3;6,8;188;13,3;91;;;;;;;;;;;;;
91514;Quincy-sous-Sénart;15,0;6,8;439;15,0;91;;;;;;;;;;;;;
91521;Ris-Orangis;13,8;6,8;1301;13,8;91;;;;;;;;;;;;;
91534;Saclay;23,5;6,8;276;23,5;91;;;;;;;;;;;;;
91540;Saint-Chéron;16,5;6,8;283;16,5;91;;;;;;;;;;;;;
91549;Sainte-Genevi√®ve-des-Bois;91;6,8;1422;15,7;91;;;;;;;;;;;;;
91552;Saint-Germain-lès-Arpajon;15,2;6,8;388;15,2;91;;;;;;;;;;;;;
91553;Saint-Germain-lès-Corbeil;19,5;6,8;313;19,5;91;;;;;;;;;;;;;
91570;Saint-Michel-sur-Orge;91;6,8;749;15,1;91;;;;;;;;;;;;;
91573;Saint-Pierre-du-Perray;16,4;6,8;322;16,4;91;;;;;;;;;;;;;
91577;Saintry-sur-Seine;17,2;6,8;257;17,2;91;;;;;;;;;;;;;
91579;Saint-Vrain;17,8;6,8;190;17,8;91;;;;;;;;;;;;;
91587;Saulx-les-Chartreux;17,5;6,8;370;17,5;91;;;;;;;;;;;;;
91589;Savigny-sur-Orge;91;6,8;1307;16,5;91;;;;;;;;;;;;;
91600;Soisy-sur-Seine;20,8;6,8;331;20,8;91;;;;;;;;;;;;;
91617;Tigery;17,1;6,8;178;17,1;91;;;;;;;;;;;;;
91631;Varennes-Jarcy;20,3;6,8;239;20,3;91;;;;;;;;;;;;;
91635;Vauhallan;26,1;6,8;189;26,1;91;;;;;;;;;;;;;
91645;Verrières-le-Buisson;26,4;6,8;722;26,4;91;;;;;;;;;;;;;
91648;Vert-le-Grand;17,5;6,8;280;17,5;91;;;;;;;;;;;;;
91649;Vert-le-Petit;16,6;6,8;184;16,6;91;;;;;;;;;;;;;
91657;Vigneux-sur-Seine;13,9;6,8;789;13,9;91;;;;;;;;;;;;;
91659;Villabé;15,0;6,8;340;15,0;91;;;;;;;;;;;;;
91661;Villebon-sur-Yvette;18,4;6,8;820;18,4;91;;;;;;;;;;;;;
91665;La Ville-du-Bois;17,4;6,8;416;17,4;91;;;;;;;;;;;;;
91666;Villejust;17,7;6,8;332;17,7;91;;;;;;;;;;;;;
91667;Villemoisson-sur-Orge;19,5;6,8;389;19,5;91;;;;;;;;;;;;;
91685;Villiers-sur-Orge;17,5;6,8;220;17,5;91;;;;;;;;;;;;;
91687;Viry-Châtillon;14,4;6,8;1054;14,4;91;;;;;;;;;;;;;
91689;Wissous;17,8;6,8;584;17,8;91;;;;;;;;;;;;;
91691;Yerres;17,6;6,8;953;17,6;91;;;;;;;;;;;;;
91692;Les Ulis;91;6,8;956;13,7;91;;;;;;;;;;;;;
92002;Antony;92;6,7;2184;21,2;92;;;;;;;;;;;;;
92004;Asni√®res-sur-Seine;92;6,7;3737;20;92;;;;;;;;;;;;;
92007;Bagneux;14,4;6,7;1278;14,4;92;;;;;;;;;;;;;
92009;Bois-Colombes;92;6,7;1066;22,4;92;;;;;;;;;;;;;
92012;Boulogne-Billancourt;92;6,7;8148;24,9;92;;;;;;;;;;;;;
92014;Bourg-la-Reine;22,8;6,7;832;22,8;92;;;;;;;;;;;;;
92019;Ch√¢tenay-Malabry;92;6,7;867;18,4;92;;;;;;;;;;;;;
92020;Châtillon;19,7;6,7;1193;19,7;92;;;;;;;;;;;;;
92022;Chaville;22,4;6,7;733;22,4;92;;;;;;;;;;;;;
92023;Clamart;92;6,7;2316;20,5;92;;;;;;;;;;;;;
92024;Clichy;92;6,7;3230;16;92;;;;;;;;;;;;;
92025;Colombes;92;6,7;3033;18,4;92;;;;;;;;;;;;;
92026;Courbevoie;92;6,7;5082;22,2;92;;;;;;;;;;;;;
92032;Fontenay-aux-Roses;19,2;6,7;730;19,2;92;;;;;;;;;;;;;
92033;Garches;29,5;6,7;820;29,5;92;;;;;;;;;;;;;
92035;La Garenne-Colombes;22,1;6,7;1450;22,1;92;;;;;;;;;;;;;
92036;Gennevilliers;92;6,7;2153;13;92;;;;;;;;;;;;;
92040;Issy-les-Moulineaux;92;6,7;2874;22,5;92;;;;;;;;;;;;;
92044;Levallois-Perret;92;6,7;4572;24,5;92;;;;;;;;;;;;;
92046;Malakoff;17,7;6,7;1367;17,7;92;;;;;;;;;;;;;
92048;Meudon;92;6,7;1631;23;92;;;;;;;;;;;;;
92049;Montrouge;92;6,7;2300;19,6;92;;;;;;;;;;;;;
92050;Nanterre;92;6,7;4206;16,4;92;;;;;;;;;;;;;
92051;Neuilly-sur-Seine;92;6,7;5288;37,8;92;;;;;;;;;;;;;
92060;Le Plessis-Robinson;92;6,7;812;20,1;92;;;;;;;;;;;;;
92062;Puteaux;92;6,7;3708;21,5;92;;;;;;;;;;;;;
92063;Rueil-Malmaison;92;6,7;3486;25,2;92;;;;;;;;;;;;;
92064;Saint-Cloud;92;6,7;1615;30,8;92;;;;;;;;;;;;;
92071;Sceaux;92;6,7;827;26,8;92;;;;;;;;;;;;;
92072;S√®vres;92;6,7;1050;26,1;92;;;;;;;;;;;;;
92073;Suresnes;92;6,7;2368;23,6;92;;;;;;;;;;;;;
92075;Vanves;92;6,7;1085;20,4;92;;;;;;;;;;;;;
92076;Vaucresson;92;6,7;467;33,7;92;;;;;;;;;;;;;
92077;Ville-d'Avray;29,6;6,7;475;29,6;92;;;;;;;;;;;;;
92078;Villeneuve-la-Garenne;92;6,7;826;13,1;92;;;;;;;;;;;;;
93001;Aubervilliers;93;11,2;4085;11,4;93;;;;;;;;;;;;;
93005;Aulnay-sous-Bois;93;11,2;3177;13,5;93;;;;;;;;;;;;;
93006;Bagnolet;93;11,2;1796;14;93;;;;;;;;;;;;;
93007;Le Blanc-Mesnil;93;11,2;1691;12,3;93;;;;;;;;;;;;;
93008;Bobigny;93;11,2;2232;11,3;93;;;;;;;;;;;;;
93010;Bondy;93;11,2;1829;12,8;93;;;;;;;;;;;;;
93013;Le Bourget;93;11,2;706;12,6;93;;;;;;;;;;;;;
93014;Clichy-sous-Bois;93;11,2;960;11,5;93;;;;;;;;;;;;;
93015;Coubron;16,2;11,2;265;16,2;93;;;;;;;;;;;;;
93027;La Courneuve;93;11,2;1591;10,9;93;;;;;;;;;;;;;
93029;Drancy;93;11,2;2269;12,6;93;;;;;;;;;;;;;
93030;Dugny;93;11,2;286;11,9;93;;;;;;;;;;;;;
93031;√âpinay-sur-Seine;93;11,2;1632;12,5;93;;;;;;;;;;;;;
93032;Gagny;93;11,2;1216;15,1;93;;;;;;;;;;;;;
93033;Gournay-sur-Marne;19,2;11,2;364;19,2;93;;;;;;;;;;;;;
93039;L'Île-Saint-Denis;13,1;11,2;414;13,1;93;;;;;;;;;;;;;
93045;Les Lilas;93;11,2;940;16,8;93;;;;;;;;;;;;;
93046;Livry-Gargan;93;11,2;1674;14,3;93;;;;;;;;;;;;;
93047;Montfermeil;13,9;11,2;1462;13,9;93;;;;;;;;;;;;;
93048;Montreuil;93;11,2;6131;15,1;93;;;;;;;;;;;;;
93049;Neuilly-Plaisance;16,6;11,2;918;16,6;93;;;;;;;;;;;;;
93050;Neuilly-sur-Marne;93;11,2;1062;13,9;93;;;;;;;;;;;;;
93051;Noisy-le-Grand;93;11,2;2306;15,2;93;;;;;;;;;;;;;
93053;Noisy-le-Sec;93;11,2;1461;13,1;93;;;;;;;;;;;;;
93055;Pantin;93;11,2;3054;13,6;93;;;;;;;;;;;;;
93057;Les Pavillons-sous-Bois;14,6;11,2;1188;14,6;93;;;;;;;;;;;;;
93059;Pierrefitte-sur-Seine;11,6;11,2;1075;11,6;93;;;;;;;;;;;;;
93061;Le Pré-Saint-Gervais;15,1;11,2;856;15,1;93;;;;;;;;;;;;;
93062;Le Raincy;93;11,2;917;19,1;93;;;;;;;;;;;;;
93063;Romainville;93;11,2;1110;13,9;93;;;;;;;;;;;;;
93064;Rosny-sous-Bois;93;11,2;1584;14,4;93;;;;;;;;;;;;;
93066;Saint-Denis;93;11,2;4502;12,7;93;;;;;;;;;;;;;
93070;Saint-Ouen;93;11,2;3249;14,5;93;;;;;;;;;;;;;
93071;Sevran;93;11,2;1169;12,3;93;;;;;;;;;;;;;
93072;Stains;93;11,2;1170;11,5;93;;;;;;;;;;;;;
93073;Tremblay-en-France;93;11,2;1924;14,6;93;;;;;;;;;;;;;
93074;Vaujours;14,8;11,2;344;14,8;93;;;;;;;;;;;;;
93077;Villemomble;93;11,2;1079;15,6;93;;;;;;;;;;;;;
93078;Villepinte;93;11,2;1348;13,3;93;;;;;;;;;;;;;
93079;Villetaneuse;11,3;11,2;447;11,3;93;;;;;;;;;;;;;
94001;Ablon-sur-Seine;15,2;7,6;264;15,2;93;;;;;;;;;;;;;
94002;Alfortville;94;7,6;1842;15,2;93;;;;;;;;;;;;;
94003;Arcueil;16,5;7,6;868;16,5;93;;;;;;;;;;;;;
94004;Boissy-Saint-Léger;13,9;7,6;768;13,9;93;;;;;;;;;;;;;
94011;Bonneuil-sur-Marne;12,9;7,6;810;12,9;93;;;;;;;;;;;;;
94015;Bry-sur-Marne;20,2;7,6;653;20,2;93;;;;;;;;;;;;;
94016;Cachan;94;7,6;887;17,7;94;;;;;;;;;;;;;
94017;Champigny-sur-Marne;94;7,6;2934;14,7;94;;;;;;;;;;;;;
94018;Charenton-le-Pont;94;7,6;1445;20;94;;;;;;;;;;;;;
94019;Chennevi√®res-sur-Marne;94;7,6;845;15,8;94;;;;;;;;;;;;;
94021;Chevilly-Larue;94;7,6;1193;14,9;94;;;;;;;;;;;;;
94022;Choisy-le-Roi;14,3;7,6;1657;14,3;94;;;;;;;;;;;;;
94028;Cr√©teil;94;7,6;2961;14,4;94;;;;;;;;;;;;;
94033;Fontenay-sous-Bois;94;7,6;2058;18,3;94;;;;;;;;;;;;;
94034;Fresnes;94;7,6;713;16;94;;;;;;;;;;;;;
94037;Gentilly;15,7;7,6;786;15,7;94;;;;;;;;;;;;;
94038;L'Haÿ-les-Roses;17,2;7,6;907;17,2;94;;;;;;;;;;;;;
94041;Ivry-sur-Seine;94;7,6;2840;14,2;94;;;;;;;;;;;;;
94042;Joinville-le-Pont;19,1;7,6;812;19,1;94;;;;;;;;;;;;;
94043;Le Kremlin-Bic√™tre;94;7,6;884;16,2;94;;;;;;;;;;;;;
94044;Limeil-Br√©vannes;94;7,6;616;14,4;94;;;;;;;;;;;;;
94046;Maisons-Alfort;94;7,6;2208;17,2;94;;;;;;;;;;;;;
94047;Mandres-les-Roses;17,4;7,6;341;17,4;94;;;;;;;;;;;;;
94048;Marolles-en-Brie;22,4;7,6;279;22,4;94;;;;;;;;;;;;;
94052;Nogent-sur-Marne;94;7,6;1414;22,1;94;;;;;;;;;;;;;
94053;Noiseau;17,8;7,6;291;17,8;94;;;;;;;;;;;;;
94054;Orly;13,3;7,6;962;13,3;94;;;;;;;;;;;;;
94055;Ormesson-sur-Marne;18,8;7,6;575;18,8;94;;;;;;;;;;;;;
94056;Périgny;18,9;7,6;188;18,9;94;;;;;;;;;;;;;
94058;Le Perreux-sur-Marne;94;7,6;1400;20,1;94;;;;;;;;;;;;;
94059;Le Plessis-Trévise;16,6;7,6;867;16,6;94;;;;;;;;;;;;;
94060;La Queue-en-Brie;15,7;7,6;494;15,7;94;;;;;;;;;;;;;
94065;Rungis;18,3;7,6;980;18,3;94;;;;;;;;;;;;;
94067;Saint-Mandé;23,5;7,6;1091;23,5;94;;;;;;;;;;;;;
94068;Saint-Maur-des-Foss√©s;94;7,6;4730;21,1;94;;;;;;;;;;;;;
94069;Saint-Maurice;19,5;7,6;645;19,5;94;;;;;;;;;;;;;
94070;Santeny;21,3;7,6;315;21,3;94;;;;;;;;;;;;;
94071;Sucy-en-Brie;94;7,6;945;18,2;94;;;;;;;;;;;;;
94073;Thiais;94;7,6;1100;15,8;94;;;;;;;;;;;;;
94074;Valenton;12,1;7,6;520;12,1;94;;;;;;;;;;;;;
94075;Villecresnes;18,0;7,6;521;18,0;94;;;;;;;;;;;;;
94076;Villejuif;14,6;7,6;1639;14,6;94;;;;;;;;;;;;;
94077;Villeneuve-le-Roi;94;7,6;927;13,9;94;;;;;;;;;;;;;
94078;Villeneuve-Saint-Georges;94;7,6;1132;12,1;94;;;;;;;;;;;;;
94079;Villiers-sur-Marne;15,8;7,6;949;15,8;94;;;;;;;;;;;;;
94080;Vincennes;94;7,6;2679;22;94;;;;;;;;;;;;;
94081;Vitry-sur-Seine;94;7,6;3079;13,5;94;;;;;;;;;;;;;
95014;Andilly;20,5;8,8;244;20,5;95;;;;;;;;;;;;;
95018;Argenteuil;95;8,8;4052;14,1;95;;;;;;;;;;;;;
95019;Arnouville;13,6;8,8;713;13,6;95;;;;;;;;;;;;;
95026;Asnières-sur-Oise;17,6;8,8;210;17,6;95;;;;;;;;;;;;;
95039;Auvers-sur-Oise;18,4;8,8;387;18,4;95;;;;;;;;;;;;;
95042;Baillet-en-France;17,7;8,8;225;17,7;95;;;;;;;;;;;;;
95051;Beauchamp;18,4;8,8;555;18,4;95;;;;;;;;;;;;;
95052;Beaumont-sur-Oise;95;8,8;482;13,5;95;;;;;;;;;;;;;
95056;Belloy-en-France;16,4;8,8;174;16,4;95;;;;;;;;;;;;;
95058;Bernes-sur-Oise;13,9;8,8;187;13,9;95;;;;;;;;;;;;;
95060;Bessancourt;16,4;8,8;314;16,4;95;;;;;;;;;;;;;
95063;Bezons;95;8,8;1201;14,5;95;;;;;;;;;;;;;
95091;Bouffémont;16,3;8,8;263;16,3;95;;;;;;;;;;;;;
95116;Bruyères-sur-Oise;14,0;8,8;221;14,0;95;;;;;;;;;;;;;
95120;Butry-sur-Oise;17,6;8,8;188;17,6;95;;;;;;;;;;;;;
95127;Cergy;95;8,8;2183;14,2;95;;;;;;;;;;;;;
95134;Champagne-sur-Oise;16,6;8,8;288;16,6;95;;;;;;;;;;;;;
95142;Chars;14,7;8,8;182;14,7;95;;;;;;;;;;;;;
95149;Chaumontel;17,9;8,8;223;17,9;95;;;;;;;;;;;;;
95176;Cormeilles-en-Parisis;17,9;8,8;823;17,9;95;;;;;;;;;;;;;
95183;Courdimanche;17,3;8,8;228;17,3;95;;;;;;;;;;;;;
95197;Deuil-la-Barre;95;8,8;770;16,6;95;;;;;;;;;;;;;
95199;Domont;95;8,8;701;15,7;95;;;;;;;;;;;;;
95203;Eaubonne;95;8,8;942;17,8;95;;;;;;;;;;;;;
95205;Écouen;15,4;8,8;311;15,4;95;;;;;;;;;;;;;
95210;Enghien-les-Bains;95;8,8;1054;20,5;95;;;;;;;;;;;;;
95211;Ennery;17,2;8,8;303;17,2;95;;;;;;;;;;;;;
95218;Éragny;15,7;8,8;632;15,7;95;;;;;;;;;;;;;
95219;Ermont;95;8,8;815;16,6;95;;;;;;;;;;;;;
95229;Ézanville;15,5;8,8;371;15,5;95;;;;;;;;;;;;;
95250;Fosses;95;8,8;339;14,9;95;;;;;;;;;;;;;
95252;Franconville;95;8,8;952;15,4;95;;;;;;;;;;;;;
95256;Frépillon;17,3;8,8;203;17,3;95;;;;;;;;;;;;;
95257;La Frette-sur-Seine;19,9;8,8;249;19,9;95;;;;;;;;;;;;;
95268;Garges-l√®s-Gonesse;95;8,8;1513;11,2;95;;;;;;;;;;;;;
95277;Gonesse;95;8,8;1110;12,5;95;;;;;;;;;;;;;
95280;Goussainville;95;8,8;1054;12,4;95;;;;;;;;;;;;;
95288;Groslay;17,3;8,8;390;17,3;95;;;;;;;;;;;;;
95306;Herblay;95;8,8;1145;17,6;95;;;;;;;;;;;;;
95313;L' Isle-Adam;95;8,8;650;19,3;95;;;;;;;;;;;;;
95323;Jouy-le-Moutier;95;8,8;467;15,6;95;;;;;;;;;;;;;
95351;Louvres;14,2;8,8;376;14,2;95;;;;;;;;;;;;;
95352;Luzarches;95;8,8;288;18,2;95;;;;;;;;;;;;;
95355;Magny-en-Vexin;14,5;8,8;425;14,5;95;;;;;;;;;;;;;
95369;Margency;20,5;8,8;204;20,5;95;;;;;;;;;;;;;
95370;Marines;16,3;8,8;298;16,3;95;;;;;;;;;;;;;
95371;Marly-la-Ville;16,0;8,8;256;16,0;95;;;;;;;;;;;;;
95388;Menucourt;16,0;8,8;209;16,0;95;;;;;;;;;;;;;
95392;Mériel;17,3;8,8;273;17,3;95;;;;;;;;;;;;;
95394;Méry-sur-Oise;16,4;8,8;450;16,4;95;;;;;;;;;;;;;
95424;Montigny-lès-Cormeilles;14,6;8,8;655;14,6;95;;;;;;;;;;;;;
95426;Montlignon;22,3;8,8;207;22,3;95;;;;;;;;;;;;;
95427;Montmagny;14,3;8,8;555;14,3;95;;;;;;;;;;;;;
95428;Montmorency;95;8,8;791;19,8;95;;;;;;;;;;;;;
95430;Montsoult;17,6;8,8;259;17,6;95;;;;;;;;;;;;;
95450;Neuville-sur-Oise;20,2;8,8;204;20,2;95;;;;;;;;;;;;;
95476;Osny;95;8,8;637;16,4;95;;;;;;;;;;;;;
95480;Parmain;19,3;8,8;259;19,3;95;;;;;;;;;;;;;
95487;Persan;12,5;8,8;422;12,5;95;;;;;;;;;;;;;
95488;Pierrelaye;14,5;8,8;566;14,5;95;;;;;;;;;;;;;
95491;Le Plessis-Bouchard;18,4;8,8;381;18,4;95;;;;;;;;;;;;;
95500;Pontoise;95;8,8;1332;14,7;95;;;;;;;;;;;;;
95504;Presles;18,4;8,8;242;18,4;95;;;;;;;;;;;;;
95509;Puiseux-en-France;16,0;8,8;202;16,0;95;;;;;;;;;;;;;
95527;Roissy-en-France;15,3;8,8;748;15,3;95;;;;;;;;;;;;;
95539;Saint-Brice-sous-Forêt;15,7;8,8;535;15,7;95;;;;;;;;;;;;;
95555;Saint-Gratien;16,6;8,8;728;16,6;95;;;;;;;;;;;;;
95563;Saint-Leu-la-Forêt;18,6;8,8;791;18,6;95;;;;;;;;;;;;;
95566;Saint-Martin-du-Tertre;14,9;8,8;182;14,9;95;;;;;;;;;;;;;
95572;Saint-Ouen-l'Aum√¥ne;95;8,8;1594;13,9;95;;;;;;;;;;;;;
95574;Saint-Prix;21,3;8,8;349;21,3;95;;;;;;;;;;;;;
95580;Saint-Witz;95;8,8;241;24;95;;;;;;;;;;;;;
95582;Sannois;16,5;8,8;971;16,5;95;;;;;;;;;;;;;
95585;Sarcelles;95;8,8;2345;11,7;95;;;;;;;;;;;;;
95598;Soisy-sous-Montmorency;17,4;8,8;661;17,4;95;;;;;;;;;;;;;
95604;Survilliers;14,1;8,8;211;14,1;95;;;;;;;;;;;;;
95607;Taverny;95;8,8;920;16,2;95;;;;;;;;;;;;;
95612;Le Thillay;13,7;8,8;444;13,7;95;;;;;;;;;;;;;
95637;Vaur√©al;95;8,8;391;16,3;95;;;;;;;;;;;;;
95641;Vémars;16,3;8,8;169;16,3;95;;;;;;;;;;;;;
95652;Viarmes;16,5;8,8;321;16,5;95;;;;;;;;;;;;;
95680;Villiers-le-Bel;11,4;8,8;710;11,4;95;;;;;;;;;;;;;
;;;;;;;;;;;;;;;;;;;
;;;;;;;;;;;;;;;;;;;
;;;;;;;;;;;;;;;;;;;
;;;;;;;;;;;;;;;;;;;
;;;;;;;;;;;;;;;;;;;
;;;;;;;;;;;;;;;;;;;
;;;;;;;;;;;;;;;;;;;
;;;;;;;;;;;;;;;;;;;
;;;;;;;;;;;;;;;;;;;
;;;;;;;;;;;;;;;;;;;
;;;;;;;;;;;;;;;;;;;
;;;;;;;;;;;;;;;;;;;
;;;;;;;;;;;;;;;;;;;
;;;;;;;;;;;;;;;;;;;
;;;;;;;;;;;;;;;;;;;
;;;;;;;;;;;;;;;;;;;
;;;;;;;;;;;;;;;;;;;
;;;;;;;;;;;;;;;;;;;
;;;;;;;;;;;;;;;;;;;
;;;;;;;;;;;;;;;;;;;
;;;;;;;;;;;;;;;;;;;
;;;;;;;;;;;;;;;;;;;
;;;;;;;;;;;;;;;;;;;
;;;;;;;;;;;;;;;;;;;
;;;;;;;;;;;;;;;;;;;
;;;;;;;;;;;;;;;;;;;
;;;;;;;;;;;;;;;;;;;
;;;;;;;;;;;;;;;;;;;
;;;;;;;;;;;;;;;;;;;
;;;;;;;;;;;;;;;;;;;
;;;;;;;;;;;;;;;;;;;
;;;;;;;;;;;;;;;;;;;
;;;;;;;;;;;;;;;;;;;
;;;;;;;;;;;;;;;;;;;
;;;;;;;;;;;;;;;;;;;
;;;;;;;;;;;;;;;;;;;
;;;;;;;;;;;;;;;;;;;
;;;;;;;;;;;;;;;;;;;
;;;;;;;;;;;;;;;;;;;
;;;;;;;;;;;;;;;;;;;
;;;;;;;;;;;;;;;;;;;
;;;;;;;;;;;;;;;;;;;
;;;;;;;;;;;;;;;;;;;
;;;;;;;;;;;;;;;;;;;
;;;;;;;;;;;;;;;;;;;
;;;;;;;;;;;;;;;;;;;
;;;;;;;;;;;;;;;;;;;
;;;;;;;;;;;;;;;;;;;
;;;;;;;;;;;;;;;;;;;
;;;;;;;;;;;;;;;;;;;
;;;;;;;;;;;;;;;;;;;
;;;;;;;;;;;;;;;;;;;
;;;;;;;;;;;;;;;;;;;
;;;;;;;;;;;;;;;;;;;
;;;;;;;;;;;;;;;;;;;
;;;;;;;;;;;;;;;;;;;
;;;;;;;;;;;;;;;;;;;
;;;;;;;;;;;;;;;;;;;
;;;;;;;;;;;;;;;;;;;
;;;;;;;;;;;;;;;;;;;
;;;;;;;;;;;;;;;;;;;
;;;;;;;;;;;;;;;;;;;
;;;;;;;;;;;;;;;;;;;
;;;;;;;;;;;;;;;;;;;
;;;;;;;;;;;;;;;;;;;
;;;;;;;;;;;;;;;;;;;
;;;;;;;;;;;;;;;;;;;
;;;;;;;;;;;;;;;;;;;
;;;;;;;;;;;;;;;;;;;
;;;;;;;;;;;;;;;;;;;
;;;;;;;;;;;;;;;;;;;
;;;;;;;;;;;;;;;;;;;
;;;;;;;;;;;;;;;;;;;
;;;;;;;;;;;;;;;;;;;
;;;;;;;;;;;;;;;;;;;
;;;;;;;;;;;;;;;;;;;
;;;;;;;;;;;;;;;;;;;
;;;;;;;;;;;;;;;;;;;
;;;;;;;;;;;;;;;;;;;
;;;;;;;;;;;;;;;;;;;
;;;;;;;;;;;;;;;;;;;
;;;;;;;;;;;;;;;;;;;
;;;;;;;;;;;;;;;;;;;
;;;;;;;;;;;;;;;;;;;
;;;;;;;;;;;;;;;;;;;
;;;;;;;;;;;;;;;;;;;
;;;;;;;;;;;;;;;;;;;
;;;;;;;;;;;;;;;;;;;
;;;;;;;;;;;;;;;;;;;
;;;;;;;;;;;;;;;;;;;
;;;;;;;;;;;;;;;;;;;
;;;;;;;;;;;;;;;;;;;
;;;;;;;;;;;;;;;;;;;
;;;;;;;;;;;;;;;;;;;
;;;;;;;;;;;;;;;;;;;
;;;;;;;;;;;;;;;;;;;
;;;;;;;;;;;;;;;;;;;
;;;;;;;;;;;;;;;;;;;
;;;;;;;;;;;;;;;;;;;
;;;;;;;;;;;;;;;;;;;
;;;;;;;;;;;;;;;;;;;
;;;;;;;;;;;;;;;;;;;
;;;;;;;;;;;;;;;;;;;
;;;;;;;;;;;;;;;;;;;
;;;;;;;;;;;;;;;;;;;
;;;;;;;;;;;;;;;;;;;
;;;;;;;;;;;;;;;;;;;
;;;;;;;;;;;;;;;;;;;
;;;;;;;;;;;;;;;;;;;
;;;;;;;;;;;;;;;;;;;
;;;;;;;;;;;;;;;;;;;
;;;;;;;;;;;;;;;;;;;